gpu_index,gpu_name,benchmark,dataset,category,path,raw_bytes,processed_bytes,read_ms,gpu_ms,checksum
2,NVIDIA GeForce RTX 2080 Ti,OpenDAIR-V2X,DAIR-V2X-C-Example,annotation,extracted/DAIR-V2X-C-Example/example-cooperative-vehicle-infrastructure/cooperative/data_info_new.json,39816,39816,15.367,83.064,0.12364005
3,NVIDIA GeForce RTX 2080 Ti,OpenDAIR-V2X,DAIR-V2X-C-Example,annotation,extracted/DAIR-V2X-C-Example/example-cooperative-vehicle-infrastructure/cooperative/label/lidar/015385.json,25662,25662,14.101,0.447,0.05734104
1,NVIDIA GeForce RTX 2080 Ti,OpenDAIR-V2X,DAIR-V2X-C-Example,annotation,extracted/DAIR-V2X-C-Example/example-cooperative-vehicle-infrastructure/cooperative/label/lidar/015400.json,27330,27330,17.533,0.273,0.05724744
3,NVIDIA GeForce RTX 2080 Ti,OpenDAIR-V2X,DAIR-V2X-C-Example,annotation,extracted/DAIR-V2X-C-Example/example-cooperative-vehicle-infrastructure/cooperative/label/lidar/015403.json,26433,26433,9.428,0.313,0.05741342
2,NVIDIA GeForce RTX 2080 Ti,OpenDAIR-V2X,DAIR-V2X-C-Example,annotation,extracted/DAIR-V2X-C-Example/example-cooperative-vehicle-infrastructure/cooperative/label/lidar/015404.json,25602,25602,21.598,0.35,0.05747821
0,NVIDIA GeForce RTX 2080 Ti,OpenDAIR-V2X,DAIR-V2X-C-Example,annotation,extracted/DAIR-V2X-C-Example/example-cooperative-vehicle-infrastructure/cooperative/label/lidar/015406.json,27397,27397,0.5,0.282,0.05705445
2,NVIDIA GeForce RTX 2080 Ti,OpenDAIR-V2X,DAIR-V2X-C-Example,annotation,extracted/DAIR-V2X-C-Example/example-cooperative-vehicle-infrastructure/cooperative/label/lidar/015407.json,26529,26529,21.425,0.392,0.05721527
0,NVIDIA GeForce RTX 2080 Ti,OpenDAIR-V2X,DAIR-V2X-C-Example,annotation,extracted/DAIR-V2X-C-Example/example-cooperative-vehicle-infrastructure/cooperative/label/lidar/015426.json,25650,25650,21.043,0.456,0.05718933
3,NVIDIA GeForce RTX 2080 Ti,OpenDAIR-V2X,DAIR-V2X-C-Example,annotation,extracted/DAIR-V2X-C-Example/example-cooperative-vehicle-infrastructure/cooperative/label/lidar/015428.json,27438,27438,15.357,64.503,0.05723604
1,NVIDIA GeForce RTX 2080 Ti,OpenDAIR-V2X,DAIR-V2X-C-Example,annotation,extracted/DAIR-V2X-C-Example/example-cooperative-vehicle-infrastructure/cooperative/label/lidar/015429.json,25629,25629,18.112,0.206,0.05729987
1,NVIDIA GeForce RTX 2080 Ti,OpenDAIR-V2X,DAIR-V2X-C-Example,annotation,extracted/DAIR-V2X-C-Example/example-cooperative-vehicle-infrastructure/cooperative/label_world/015400.json,26242,26242,0.326,0.195,0.05738404
2,NVIDIA GeForce RTX 2080 Ti,OpenDAIR-V2X,DAIR-V2X-C-Example,annotation,extracted/DAIR-V2X-C-Example/example-cooperative-vehicle-infrastructure/cooperative/label_world/015406.json,26149,26149,0.497,0.356,0.05743067
3,NVIDIA GeForce RTX 2080 Ti,OpenDAIR-V2X,DAIR-V2X-C-Example,annotation,extracted/DAIR-V2X-C-Example/example-cooperative-vehicle-infrastructure/cooperative/label_world/015407.json,25395,25395,15.917,0.38,0.05739633
0,NVIDIA GeForce RTX 2080 Ti,OpenDAIR-V2X,DAIR-V2X-C-Example,annotation,extracted/DAIR-V2X-C-Example/example-cooperative-vehicle-infrastructure/cooperative/label_world/015428.json,26287,26287,17.993,0.531,0.0573281
0,NVIDIA GeForce RTX 2080 Ti,OpenDAIR-V2X,DAIR-V2X-C-Example,annotation,extracted/DAIR-V2X-C-Example/example-cooperative-vehicle-infrastructure/infrastructure-side/data_info.json,63168,63168,15.097,626.08,0.11256648
1,NVIDIA GeForce RTX 2080 Ti,OpenDAIR-V2X,DAIR-V2X-C-Example,annotation,extracted/DAIR-V2X-C-Example/example-cooperative-vehicle-infrastructure/vehicle-side/data_info.json,58504,58504,15.398,86.904,0.11510348
3,NVIDIA GeForce RTX 2080 Ti,OpenDAIR-V2X,DAIR-V2X-C-Example,image,extracted/DAIR-V2X-C-Example/example-cooperative-vehicle-infrastructure/infrastructure-side/image/000064.jpg,587962,587962,76.194,0.498,0.28348279
0,NVIDIA GeForce RTX 2080 Ti,OpenDAIR-V2X,DAIR-V2X-C-Example,image,extracted/DAIR-V2X-C-Example/example-cooperative-vehicle-infrastructure/infrastructure-side/image/000065.jpg,588670,588670,38.25,0.63,0.28397799
2,NVIDIA GeForce RTX 2080 Ti,OpenDAIR-V2X,DAIR-V2X-C-Example,image,extracted/DAIR-V2X-C-Example/example-cooperative-vehicle-infrastructure/infrastructure-side/image/000067.jpg,588393,588393,127.939,0.443,0.28344595
2,NVIDIA GeForce RTX 2080 Ti,OpenDAIR-V2X,DAIR-V2X-C-Example,image,extracted/DAIR-V2X-C-Example/example-cooperative-vehicle-infrastructure/infrastructure-side/image/000068.jpg,588978,588978,76.086,0.434,0.28419387
3,NVIDIA GeForce RTX 2080 Ti,OpenDAIR-V2X,DAIR-V2X-C-Example,image,extracted/DAIR-V2X-C-Example/example-cooperative-vehicle-infrastructure/infrastructure-side/image/000069.jpg,588726,588726,25.77,0.369,0.28399226
1,NVIDIA GeForce RTX 2080 Ti,OpenDAIR-V2X,DAIR-V2X-C-Example,image,extracted/DAIR-V2X-C-Example/example-cooperative-vehicle-infrastructure/infrastructure-side/image/000070.jpg,588452,588452,101.194,0.431,0.28355834
1,NVIDIA GeForce RTX 2080 Ti,OpenDAIR-V2X,DAIR-V2X-C-Example,image,extracted/DAIR-V2X-C-Example/example-cooperative-vehicle-infrastructure/infrastructure-side/image/000082.jpg,590166,590166,38.338,0.608,0.28336012
0,NVIDIA GeForce RTX 2080 Ti,OpenDAIR-V2X,DAIR-V2X-C-Example,image,extracted/DAIR-V2X-C-Example/example-cooperative-vehicle-infrastructure/infrastructure-side/image/000083.jpg,590716,590716,23.82,0.472,0.2832565
2,NVIDIA GeForce RTX 2080 Ti,OpenDAIR-V2X,DAIR-V2X-C-Example,image,extracted/DAIR-V2X-C-Example/example-cooperative-vehicle-infrastructure/infrastructure-side/image/000084.jpg,593829,593829,25.403,0.387,0.28337654
1,NVIDIA GeForce RTX 2080 Ti,OpenDAIR-V2X,DAIR-V2X-C-Example,image,extracted/DAIR-V2X-C-Example/example-cooperative-vehicle-infrastructure/infrastructure-side/image/000085.jpg,594244,594244,23.507,0.426,0.28316414
2,NVIDIA GeForce RTX 2080 Ti,OpenDAIR-V2X,DAIR-V2X-C-Example,image,extracted/DAIR-V2X-C-Example/example-cooperative-vehicle-infrastructure/infrastructure-side/image/000086.jpg,595388,595388,18.149,0.577,0.28329384
1,NVIDIA GeForce RTX 2080 Ti,OpenDAIR-V2X,DAIR-V2X-C-Example,image,extracted/DAIR-V2X-C-Example/example-cooperative-vehicle-infrastructure/infrastructure-side/image/000087.jpg,595516,595516,11.974,0.612,0.28329203
0,NVIDIA GeForce RTX 2080 Ti,OpenDAIR-V2X,DAIR-V2X-C-Example,image,extracted/DAIR-V2X-C-Example/example-cooperative-vehicle-infrastructure/infrastructure-side/image/000088.jpg,595820,595820,10.142,0.702,0.28386101
3,NVIDIA GeForce RTX 2080 Ti,OpenDAIR-V2X,DAIR-V2X-C-Example,image,extracted/DAIR-V2X-C-Example/example-cooperative-vehicle-infrastructure/infrastructure-side/image/000089.jpg,595123,595123,22.265,0.612,0.28352299
0,NVIDIA GeForce RTX 2080 Ti,OpenDAIR-V2X,DAIR-V2X-C-Example,image,extracted/DAIR-V2X-C-Example/example-cooperative-vehicle-infrastructure/infrastructure-side/image/000090.jpg,594772,594772,19.649,0.462,0.28344896
3,NVIDIA GeForce RTX 2080 Ti,OpenDAIR-V2X,DAIR-V2X-C-Example,image,extracted/DAIR-V2X-C-Example/example-cooperative-vehicle-infrastructure/infrastructure-side/image/000091.jpg,593175,593175,17.538,0.357,0.28380138
0,NVIDIA GeForce RTX 2080 Ti,OpenDAIR-V2X,DAIR-V2X-C-Example,point_cloud,extracted/DAIR-V2X-C-Example/example-cooperative-vehicle-infrastructure/vehicle-side/velodyne/015344.pcd,1078730,1048576,104.178,0.576,0.23165606
1,NVIDIA GeForce RTX 2080 Ti,OpenDAIR-V2X,DAIR-V2X-C-Example,point_cloud,extracted/DAIR-V2X-C-Example/example-cooperative-vehicle-infrastructure/vehicle-side/velodyne/015345.pcd,1078485,1048576,79.144,0.502,0.23279841
2,NVIDIA GeForce RTX 2080 Ti,OpenDAIR-V2X,DAIR-V2X-C-Example,point_cloud,extracted/DAIR-V2X-C-Example/example-cooperative-vehicle-infrastructure/vehicle-side/velodyne/015346.pcd,1077785,1048576,3.866,0.49,0.23122427
3,NVIDIA GeForce RTX 2080 Ti,OpenDAIR-V2X,DAIR-V2X-C-Example,point_cloud,extracted/DAIR-V2X-C-Example/example-cooperative-vehicle-infrastructure/vehicle-side/velodyne/015347.pcd,1077780,1048576,130.272,0.53,0.23371147
0,NVIDIA GeForce RTX 2080 Ti,OpenDAIR-V2X,DAIR-V2X-C-Example,point_cloud,extracted/DAIR-V2X-C-Example/example-cooperative-vehicle-infrastructure/vehicle-side/velodyne/015348.pcd,1077569,1048576,86.941,0.628,0.23361009
1,NVIDIA GeForce RTX 2080 Ti,OpenDAIR-V2X,DAIR-V2X-C-Example,point_cloud,extracted/DAIR-V2X-C-Example/example-cooperative-vehicle-infrastructure/vehicle-side/velodyne/015349.pcd,1075280,1048576,11.767,0.564,0.23114279
2,NVIDIA GeForce RTX 2080 Ti,OpenDAIR-V2X,DAIR-V2X-C-Example,point_cloud,extracted/DAIR-V2X-C-Example/example-cooperative-vehicle-infrastructure/vehicle-side/velodyne/015350.pcd,1075234,1048576,26.679,0.542,0.23313957
3,NVIDIA GeForce RTX 2080 Ti,OpenDAIR-V2X,DAIR-V2X-C-Example,point_cloud,extracted/DAIR-V2X-C-Example/example-cooperative-vehicle-infrastructure/vehicle-side/velodyne/015351.pcd,1074509,1048576,12.091,0.541,0.23210223
0,NVIDIA GeForce RTX 2080 Ti,OpenDAIR-V2X,DAIR-V2X-C-Example,point_cloud,extracted/DAIR-V2X-C-Example/example-cooperative-vehicle-infrastructure/vehicle-side/velodyne/015352.pcd,1073882,1048576,57.32,0.75,0.23128892
1,NVIDIA GeForce RTX 2080 Ti,OpenDAIR-V2X,DAIR-V2X-C-Example,point_cloud,extracted/DAIR-V2X-C-Example/example-cooperative-vehicle-infrastructure/vehicle-side/velodyne/015353.pcd,1073390,1048576,55.912,0.672,0.23124827
0,NVIDIA GeForce RTX 2080 Ti,OpenDAIR-V2X,DAIR-V2X-C-Example,point_cloud,extracted/DAIR-V2X-C-Example/example-cooperative-vehicle-infrastructure/vehicle-side/velodyne/015354.pcd,1072844,1048576,26.964,0.577,0.23316824
2,NVIDIA GeForce RTX 2080 Ti,OpenDAIR-V2X,DAIR-V2X-C-Example,point_cloud,extracted/DAIR-V2X-C-Example/example-cooperative-vehicle-infrastructure/vehicle-side/velodyne/015355.pcd,1073383,1048576,41.263,0.722,0.23375554
3,NVIDIA GeForce RTX 2080 Ti,OpenDAIR-V2X,DAIR-V2X-C-Example,point_cloud,extracted/DAIR-V2X-C-Example/example-cooperative-vehicle-infrastructure/vehicle-side/velodyne/015356.pcd,1073337,1048576,56.434,0.599,0.23400202
1,NVIDIA GeForce RTX 2080 Ti,OpenDAIR-V2X,DAIR-V2X-C-Example,point_cloud,extracted/DAIR-V2X-C-Example/example-cooperative-vehicle-infrastructure/vehicle-side/velodyne/015357.pcd,1071280,1048576,27.248,0.747,0.23292896
2,NVIDIA GeForce RTX 2080 Ti,OpenDAIR-V2X,DAIR-V2X-C-Example,point_cloud,extracted/DAIR-V2X-C-Example/example-cooperative-vehicle-infrastructure/vehicle-side/velodyne/015358.pcd,1069781,1048576,26.16,0.573,0.23173609
3,NVIDIA GeForce RTX 2080 Ti,OpenDAIR-V2X,DAIR-V2X-C-Example,point_cloud,extracted/DAIR-V2X-C-Example/example-cooperative-vehicle-infrastructure/vehicle-side/velodyne/015359.pcd,1069213,1048576,26.509,0.498,0.23180765
3,NVIDIA GeForce RTX 2080 Ti,OpenDAIR-V2X,V2X-Seq-SPD-Example,annotation,extracted/V2X-Seq-SPD-Example/V2X-Seq-SPD-Example/cooperative/data_info.json,48271,48271,0.556,0.242,0.1080174
2,NVIDIA GeForce RTX 2080 Ti,OpenDAIR-V2X,V2X-Seq-SPD-Example,annotation,extracted/V2X-Seq-SPD-Example/V2X-Seq-SPD-Example/cooperative/label/010570.json,22866,22866,17.045,0.273,0.08467538
3,NVIDIA GeForce RTX 2080 Ti,OpenDAIR-V2X,V2X-Seq-SPD-Example,annotation,extracted/V2X-Seq-SPD-Example/V2X-Seq-SPD-Example/cooperative/label/010595.json,22677,22677,58.029,0.36,0.08473685
1,NVIDIA GeForce RTX 2080 Ti,OpenDAIR-V2X,V2X-Seq-SPD-Example,annotation,extracted/V2X-Seq-SPD-Example/V2X-Seq-SPD-Example/cooperative/label/010635.json,23247,23247,49.453,0.305,0.08450182
1,NVIDIA GeForce RTX 2080 Ti,OpenDAIR-V2X,V2X-Seq-SPD-Example,annotation,extracted/V2X-Seq-SPD-Example/V2X-Seq-SPD-Example/cooperative/label/010698.json,24534,24534,66.82,0.405,0.08492263
2,NVIDIA GeForce RTX 2080 Ti,OpenDAIR-V2X,V2X-Seq-SPD-Example,annotation,extracted/V2X-Seq-SPD-Example/V2X-Seq-SPD-Example/cooperative/label/010716.json,23906,23906,58.244,0.468,0.08495247
0,NVIDIA GeForce RTX 2080 Ti,OpenDAIR-V2X,V2X-Seq-SPD-Example,annotation,extracted/V2X-Seq-SPD-Example/V2X-Seq-SPD-Example/cooperative/label/010717.json,23208,23208,59.886,0.493,0.08470452
3,NVIDIA GeForce RTX 2080 Ti,OpenDAIR-V2X,V2X-Seq-SPD-Example,annotation,extracted/V2X-Seq-SPD-Example/V2X-Seq-SPD-Example/cooperative/label/010718.json,23216,23216,70.736,0.271,0.08533213
3,NVIDIA GeForce RTX 2080 Ti,OpenDAIR-V2X,V2X-Seq-SPD-Example,annotation,extracted/V2X-Seq-SPD-Example/V2X-Seq-SPD-Example/cooperative/label/010719.json,23905,23905,21.611,0.246,0.08496793
2,NVIDIA GeForce RTX 2080 Ti,OpenDAIR-V2X,V2X-Seq-SPD-Example,annotation,extracted/V2X-Seq-SPD-Example/V2X-Seq-SPD-Example/cooperative/label/010720.json,23230,23230,34.36,0.347,0.08482771
0,NVIDIA GeForce RTX 2080 Ti,OpenDAIR-V2X,V2X-Seq-SPD-Example,annotation,extracted/V2X-Seq-SPD-Example/V2X-Seq-SPD-Example/cooperative/label/010722.json,24580,24580,73.238,0.479,0.08509698
1,NVIDIA GeForce RTX 2080 Ti,OpenDAIR-V2X,V2X-Seq-SPD-Example,annotation,extracted/V2X-Seq-SPD-Example/V2X-Seq-SPD-Example/cooperative/label/010723.json,23207,23207,23.145,0.434,0.0848324
0,NVIDIA GeForce RTX 2080 Ti,OpenDAIR-V2X,V2X-Seq-SPD-Example,annotation,extracted/V2X-Seq-SPD-Example/V2X-Seq-SPD-Example/cooperative/label/010724.json,23885,23885,23.291,0.447,0.08461742
1,NVIDIA GeForce RTX 2080 Ti,OpenDAIR-V2X,V2X-Seq-SPD-Example,annotation,extracted/V2X-Seq-SPD-Example/V2X-Seq-SPD-Example/infrastructure-side/data_info.json,187246,187246,50.307,0.588,0.11322297
0,NVIDIA GeForce RTX 2080 Ti,OpenDAIR-V2X,V2X-Seq-SPD-Example,annotation,extracted/V2X-Seq-SPD-Example/V2X-Seq-SPD-Example/maps/yizhuang09.json,35414687,1048576,679.741,0.607,0.04105163
2,NVIDIA GeForce RTX 2080 Ti,OpenDAIR-V2X,V2X-Seq-SPD-Example,annotation,extracted/V2X-Seq-SPD-Example/V2X-Seq-SPD-Example/vehicle-side/data_info.json,172750,172750,79.581,0.778,0.11359361
3,NVIDIA GeForce RTX 2080 Ti,OpenDAIR-V2X,V2X-Seq-SPD-Example,image,extracted/V2X-Seq-SPD-Example/V2X-Seq-SPD-Example/infrastructure-side/image/010703.jpg,676648,676648,82.046,0.714,0.28619733
3,NVIDIA GeForce RTX 2080 Ti,OpenDAIR-V2X,V2X-Seq-SPD-Example,image,extracted/V2X-Seq-SPD-Example/V2X-Seq-SPD-Example/infrastructure-side/image/010704.jpg,679168,679168,39.917,0.467,0.28608587
2,NVIDIA GeForce RTX 2080 Ti,OpenDAIR-V2X,V2X-Seq-SPD-Example,image,extracted/V2X-Seq-SPD-Example/V2X-Seq-SPD-Example/infrastructure-side/image/010714.jpg,676774,676774,67.034,0.602,0.28686091
3,NVIDIA GeForce RTX 2080 Ti,OpenDAIR-V2X,V2X-Seq-SPD-Example,image,extracted/V2X-Seq-SPD-Example/V2X-Seq-SPD-Example/infrastructure-side/image/010724.jpg,674734,674734,101.296,0.442,0.28656304
0,NVIDIA GeForce RTX 2080 Ti,OpenDAIR-V2X,V2X-Seq-SPD-Example,image,extracted/V2X-Seq-SPD-Example/V2X-Seq-SPD-Example/infrastructure-side/image/010733.jpg,676879,676879,193.163,0.532,0.28666002
1,NVIDIA GeForce RTX 2080 Ti,OpenDAIR-V2X,V2X-Seq-SPD-Example,image,extracted/V2X-Seq-SPD-Example/V2X-Seq-SPD-Example/infrastructure-side/image/010734.jpg,678496,678496,82.068,0.455,0.28683808
1,NVIDIA GeForce RTX 2080 Ti,OpenDAIR-V2X,V2X-Seq-SPD-Example,image,extracted/V2X-Seq-SPD-Example/V2X-Seq-SPD-Example/infrastructure-side/image/010804.jpg,675462,675462,49.937,0.453,0.28669524
0,NVIDIA GeForce RTX 2080 Ti,OpenDAIR-V2X,V2X-Seq-SPD-Example,image,extracted/V2X-Seq-SPD-Example/V2X-Seq-SPD-Example/infrastructure-side/image/010925.jpg,675821,675821,188.85,0.525,0.28677395
2,NVIDIA GeForce RTX 2080 Ti,OpenDAIR-V2X,V2X-Seq-SPD-Example,image,extracted/V2X-Seq-SPD-Example/V2X-Seq-SPD-Example/infrastructure-side/image/010932.jpg,674946,674946,139.852,0.519,0.28676051
1,NVIDIA GeForce RTX 2080 Ti,OpenDAIR-V2X,V2X-Seq-SPD-Example,image,extracted/V2X-Seq-SPD-Example/V2X-Seq-SPD-Example/infrastructure-side/image/010933.jpg,676785,676785,83.493,0.465,0.28752252
2,NVIDIA GeForce RTX 2080 Ti,OpenDAIR-V2X,V2X-Seq-SPD-Example,image,extracted/V2X-Seq-SPD-Example/V2X-Seq-SPD-Example/infrastructure-side/image/010934.jpg,679192,679192,28.635,0.407,0.28708801
0,NVIDIA GeForce RTX 2080 Ti,OpenDAIR-V2X,V2X-Seq-SPD-Example,image,extracted/V2X-Seq-SPD-Example/V2X-Seq-SPD-Example/infrastructure-side/image/010935.jpg,682861,682861,192.153,0.517,0.2868652
3,NVIDIA GeForce RTX 2080 Ti,OpenDAIR-V2X,V2X-Seq-SPD-Example,image,extracted/V2X-Seq-SPD-Example/V2X-Seq-SPD-Example/infrastructure-side/image/010942.jpg,676907,676907,20.319,0.438,0.28697217
2,NVIDIA GeForce RTX 2080 Ti,OpenDAIR-V2X,V2X-Seq-SPD-Example,image,extracted/V2X-Seq-SPD-Example/V2X-Seq-SPD-Example/infrastructure-side/image/010943.jpg,678373,678373,131.756,0.466,0.2871674
0,NVIDIA GeForce RTX 2080 Ti,OpenDAIR-V2X,V2X-Seq-SPD-Example,image,extracted/V2X-Seq-SPD-Example/V2X-Seq-SPD-Example/infrastructure-side/image/010944.jpg,679098,679098,229.78,1.212,0.28732574
1,NVIDIA GeForce RTX 2080 Ti,OpenDAIR-V2X,V2X-Seq-SPD-Example,image,extracted/V2X-Seq-SPD-Example/V2X-Seq-SPD-Example/infrastructure-side/image/010945.jpg,680706,680706,20.336,0.488,0.28741485
3,NVIDIA GeForce RTX 2080 Ti,OpenDAIR-V2X,V2X-Seq-SPD-Example,point_cloud,extracted/V2X-Seq-SPD-Example/V2X-Seq-SPD-Example/vehicle-side/velodyne/010481.pcd,1088557,1048576,70.743,0.607,0.23404592
3,NVIDIA GeForce RTX 2080 Ti,OpenDAIR-V2X,V2X-Seq-SPD-Example,point_cloud,extracted/V2X-Seq-SPD-Example/V2X-Seq-SPD-Example/vehicle-side/velodyne/010483.pcd,1089219,1048576,98.271,0.545,0.23279387
0,NVIDIA GeForce RTX 2080 Ti,OpenDAIR-V2X,V2X-Seq-SPD-Example,point_cloud,extracted/V2X-Seq-SPD-Example/V2X-Seq-SPD-Example/vehicle-side/velodyne/010484.pcd,1090105,1048576,219.818,0.846,0.23282743
2,NVIDIA GeForce RTX 2080 Ti,OpenDAIR-V2X,V2X-Seq-SPD-Example,point_cloud,extracted/V2X-Seq-SPD-Example/V2X-Seq-SPD-Example/vehicle-side/velodyne/010485.pcd,1089462,1048576,70.279,0.526,0.23320499
1,NVIDIA GeForce RTX 2080 Ti,OpenDAIR-V2X,V2X-Seq-SPD-Example,point_cloud,extracted/V2X-Seq-SPD-Example/V2X-Seq-SPD-Example/vehicle-side/velodyne/010486.pcd,1089083,1048576,53.289,0.547,0.2325868
2,NVIDIA GeForce RTX 2080 Ti,OpenDAIR-V2X,V2X-Seq-SPD-Example,point_cloud,extracted/V2X-Seq-SPD-Example/V2X-Seq-SPD-Example/vehicle-side/velodyne/010487.pcd,1088219,1048576,61.167,0.63,0.23224509
1,NVIDIA GeForce RTX 2080 Ti,OpenDAIR-V2X,V2X-Seq-SPD-Example,point_cloud,extracted/V2X-Seq-SPD-Example/V2X-Seq-SPD-Example/vehicle-side/velodyne/010488.pcd,1089660,1048576,57.093,0.64,0.23194249
3,NVIDIA GeForce RTX 2080 Ti,OpenDAIR-V2X,V2X-Seq-SPD-Example,point_cloud,extracted/V2X-Seq-SPD-Example/V2X-Seq-SPD-Example/vehicle-side/velodyne/010489.pcd,1090266,1048576,95.615,0.58,0.23279202
2,NVIDIA GeForce RTX 2080 Ti,OpenDAIR-V2X,V2X-Seq-SPD-Example,point_cloud,extracted/V2X-Seq-SPD-Example/V2X-Seq-SPD-Example/vehicle-side/velodyne/010490.pcd,1090738,1048576,31.246,0.524,0.23317461
0,NVIDIA GeForce RTX 2080 Ti,OpenDAIR-V2X,V2X-Seq-SPD-Example,point_cloud,extracted/V2X-Seq-SPD-Example/V2X-Seq-SPD-Example/vehicle-side/velodyne/010491.pcd,1092385,1048576,233.72,0.67,0.23330988
1,NVIDIA GeForce RTX 2080 Ti,OpenDAIR-V2X,V2X-Seq-SPD-Example,point_cloud,extracted/V2X-Seq-SPD-Example/V2X-Seq-SPD-Example/vehicle-side/velodyne/010492.pcd,1091342,1048576,134.333,0.55,0.23333439
0,NVIDIA GeForce RTX 2080 Ti,OpenDAIR-V2X,V2X-Seq-SPD-Example,point_cloud,extracted/V2X-Seq-SPD-Example/V2X-Seq-SPD-Example/vehicle-side/velodyne/010493.pcd,1089190,1048576,237.671,0.848,0.23285121
2,NVIDIA GeForce RTX 2080 Ti,OpenDAIR-V2X,V2X-Seq-SPD-Example,point_cloud,extracted/V2X-Seq-SPD-Example/V2X-Seq-SPD-Example/vehicle-side/velodyne/010494.pcd,1088685,1048576,71.043,0.597,0.23219159
1,NVIDIA GeForce RTX 2080 Ti,OpenDAIR-V2X,V2X-Seq-SPD-Example,point_cloud,extracted/V2X-Seq-SPD-Example/V2X-Seq-SPD-Example/vehicle-side/velodyne/010495.pcd,1088420,1048576,81.677,0.535,0.23236808
0,NVIDIA GeForce RTX 2080 Ti,OpenDAIR-V2X,V2X-Seq-SPD-Example,point_cloud,extracted/V2X-Seq-SPD-Example/V2X-Seq-SPD-Example/vehicle-side/velodyne/010496.pcd,1088421,1048576,63.539,0.594,0.23258281
3,NVIDIA GeForce RTX 2080 Ti,OpenDAIR-V2X,V2X-Seq-SPD-Example,point_cloud,extracted/V2X-Seq-SPD-Example/V2X-Seq-SPD-Example/vehicle-side/velodyne/010499.pcd,1087602,1048576,72.378,0.531,0.23168807
3,NVIDIA GeForce RTX 2080 Ti,OpenDAIR-V2X,V2X-Seq-TFD-Example,annotation,extracted/V2X-Seq-TFD-Example/V2X-Seq-TFD-Example/maps/yizhuang_hdmap1.json,40882969,1048576,1504.773,0.718,0.04640917
3,NVIDIA GeForce RTX 2080 Ti,OpenDAIR-V2X,V2X-Seq-TFD-Example,annotation,extracted/V2X-Seq-TFD-Example/V2X-Seq-TFD-Example/maps/yizhuang_hdmap10.json,28355304,1048576,1122.68,0.723,0.04949945
3,NVIDIA GeForce RTX 2080 Ti,OpenDAIR-V2X,V2X-Seq-TFD-Example,annotation,extracted/V2X-Seq-TFD-Example/V2X-Seq-TFD-Example/maps/yizhuang_hdmap11.json,37175384,1048576,1561.956,0.642,0.04553178
2,NVIDIA GeForce RTX 2080 Ti,OpenDAIR-V2X,V2X-Seq-TFD-Example,annotation,extracted/V2X-Seq-TFD-Example/V2X-Seq-TFD-Example/maps/yizhuang_hdmap12.json,37518648,1048576,1581.753,0.621,0.04659076
2,NVIDIA GeForce RTX 2080 Ti,OpenDAIR-V2X,V2X-Seq-TFD-Example,annotation,extracted/V2X-Seq-TFD-Example/V2X-Seq-TFD-Example/maps/yizhuang_hdmap13.json,40000376,1048576,1698.823,0.615,0.04632883
1,NVIDIA GeForce RTX 2080 Ti,OpenDAIR-V2X,V2X-Seq-TFD-Example,annotation,extracted/V2X-Seq-TFD-Example/V2X-Seq-TFD-Example/maps/yizhuang_hdmap14.json,39098282,1048576,1598.998,0.595,0.046534
1,NVIDIA GeForce RTX 2080 Ti,OpenDAIR-V2X,V2X-Seq-TFD-Example,annotation,extracted/V2X-Seq-TFD-Example/V2X-Seq-TFD-Example/maps/yizhuang_hdmap15.json,36305393,1048576,1384.656,0.611,0.04641282
1,NVIDIA GeForce RTX 2080 Ti,OpenDAIR-V2X,V2X-Seq-TFD-Example,annotation,extracted/V2X-Seq-TFD-Example/V2X-Seq-TFD-Example/maps/yizhuang_hdmap16.json,31355640,1048576,1180.322,0.657,0.04684955
1,NVIDIA GeForce RTX 2080 Ti,OpenDAIR-V2X,V2X-Seq-TFD-Example,annotation,extracted/V2X-Seq-TFD-Example/V2X-Seq-TFD-Example/maps/yizhuang_hdmap17.json,25309021,1048576,587.53,0.516,0.04673977
0,NVIDIA GeForce RTX 2080 Ti,OpenDAIR-V2X,V2X-Seq-TFD-Example,annotation,extracted/V2X-Seq-TFD-Example/V2X-Seq-TFD-Example/maps/yizhuang_hdmap18.json,36890857,1048576,1093.543,0.65,0.04640597
0,NVIDIA GeForce RTX 2080 Ti,OpenDAIR-V2X,V2X-Seq-TFD-Example,annotation,extracted/V2X-Seq-TFD-Example/V2X-Seq-TFD-Example/maps/yizhuang_hdmap19.json,39415078,1048576,1492.266,0.658,0.0467977
3,NVIDIA GeForce RTX 2080 Ti,OpenDAIR-V2X,V2X-Seq-TFD-Example,annotation,extracted/V2X-Seq-TFD-Example/V2X-Seq-TFD-Example/maps/yizhuang_hdmap2.json,39905054,1048576,1691.59,0.566,0.04703227
2,NVIDIA GeForce RTX 2080 Ti,OpenDAIR-V2X,V2X-Seq-TFD-Example,annotation,extracted/V2X-Seq-TFD-Example/V2X-Seq-TFD-Example/maps/yizhuang_hdmap20.json,41237021,1048576,1412.31,0.575,0.046076
2,NVIDIA GeForce RTX 2080 Ti,OpenDAIR-V2X,V2X-Seq-TFD-Example,annotation,extracted/V2X-Seq-TFD-Example/V2X-Seq-TFD-Example/maps/yizhuang_hdmap21.json,24968098,1048576,603.468,0.527,0.0479457
0,NVIDIA GeForce RTX 2080 Ti,OpenDAIR-V2X,V2X-Seq-TFD-Example,annotation,extracted/V2X-Seq-TFD-Example/V2X-Seq-TFD-Example/maps/yizhuang_hdmap22.json,42113061,1048576,1828.861,0.652,0.04716139
2,NVIDIA GeForce RTX 2080 Ti,OpenDAIR-V2X,V2X-Seq-TFD-Example,annotation,extracted/V2X-Seq-TFD-Example/V2X-Seq-TFD-Example/maps/yizhuang_hdmap23.json,29841601,1048576,1139.623,0.625,0.0433023
3,NVIDIA GeForce RTX 2080 Ti,OpenDAIR-V2X,V2X-Seq-TFD-Example,annotation,extracted/V2X-Seq-TFD-Example/V2X-Seq-TFD-Example/maps/yizhuang_hdmap24.json,35105157,1048576,1405.472,0.639,0.04442657
1,NVIDIA GeForce RTX 2080 Ti,OpenDAIR-V2X,V2X-Seq-TFD-Example,annotation,extracted/V2X-Seq-TFD-Example/V2X-Seq-TFD-Example/maps/yizhuang_hdmap25.json,40110433,1048576,1684.496,0.498,0.04499079
0,NVIDIA GeForce RTX 2080 Ti,OpenDAIR-V2X,V2X-Seq-TFD-Example,annotation,extracted/V2X-Seq-TFD-Example/V2X-Seq-TFD-Example/maps/yizhuang_hdmap26.json,25768546,1048576,133.932,0.603,0.04426939
3,NVIDIA GeForce RTX 2080 Ti,OpenDAIR-V2X,V2X-Seq-TFD-Example,annotation,extracted/V2X-Seq-TFD-Example/V2X-Seq-TFD-Example/maps/yizhuang_hdmap27.json,23367488,1048576,633.552,0.666,0.04718503
3,NVIDIA GeForce RTX 2080 Ti,OpenDAIR-V2X,V2X-Seq-TFD-Example,annotation,extracted/V2X-Seq-TFD-Example/V2X-Seq-TFD-Example/maps/yizhuang_hdmap28.json,43106016,1048576,1489.744,0.575,0.04696014
1,NVIDIA GeForce RTX 2080 Ti,OpenDAIR-V2X,V2X-Seq-TFD-Example,annotation,extracted/V2X-Seq-TFD-Example/V2X-Seq-TFD-Example/maps/yizhuang_hdmap3.json,42054171,1048576,1425.617,0.574,0.04683005
2,NVIDIA GeForce RTX 2080 Ti,OpenDAIR-V2X,V2X-Seq-TFD-Example,annotation,extracted/V2X-Seq-TFD-Example/V2X-Seq-TFD-Example/maps/yizhuang_hdmap4.json,44455453,1048576,1594.736,0.62,0.04755365
0,NVIDIA GeForce RTX 2080 Ti,OpenDAIR-V2X,V2X-Seq-TFD-Example,annotation,extracted/V2X-Seq-TFD-Example/V2X-Seq-TFD-Example/maps/yizhuang_hdmap5.json,47104225,1048576,1668.152,0.646,0.0467204
1,NVIDIA GeForce RTX 2080 Ti,OpenDAIR-V2X,V2X-Seq-TFD-Example,annotation,extracted/V2X-Seq-TFD-Example/V2X-Seq-TFD-Example/maps/yizhuang_hdmap6.json,46172701,1048576,1636.732,0.489,0.04719284
0,NVIDIA GeForce RTX 2080 Ti,OpenDAIR-V2X,V2X-Seq-TFD-Example,annotation,extracted/V2X-Seq-TFD-Example/V2X-Seq-TFD-Example/maps/yizhuang_hdmap7.json,40165372,1048576,1620.534,0.774,0.04824227
2,NVIDIA GeForce RTX 2080 Ti,OpenDAIR-V2X,V2X-Seq-TFD-Example,annotation,extracted/V2X-Seq-TFD-Example/V2X-Seq-TFD-Example/maps/yizhuang_hdmap8.json,35839255,1048576,1353.41,0.572,0.04720104
0,NVIDIA GeForce RTX 2080 Ti,OpenDAIR-V2X,V2X-Seq-TFD-Example,annotation,extracted/V2X-Seq-TFD-Example/V2X-Seq-TFD-Example/maps/yizhuang_hdmap9.json,31799137,1048576,332.886,0.603,0.0476037
2,NVIDIA GeForce RTX 2080 Ti,TruckV2X,TruckV2X-test-Town1_2,annotation,extracted/TruckV2X-test-Town1_2/tractor/000008.yaml,21155,21155,16.056,0.328,0.04347436
2,NVIDIA GeForce RTX 2080 Ti,TruckV2X,TruckV2X-test-Town1_2,annotation,extracted/TruckV2X-test-Town1_2/tractor/000012.yaml,21921,21921,33.778,0.514,0.04350637
2,NVIDIA GeForce RTX 2080 Ti,TruckV2X,TruckV2X-test-Town1_2,annotation,extracted/TruckV2X-test-Town1_2/tractor/000013.yaml,21561,21561,16.196,0.412,0.04352447
3,NVIDIA GeForce RTX 2080 Ti,TruckV2X,TruckV2X-test-Town1_2,annotation,extracted/TruckV2X-test-Town1_2/tractor/000014.yaml,22064,22064,67.547,0.462,0.04348275
0,NVIDIA GeForce RTX 2080 Ti,TruckV2X,TruckV2X-test-Town1_2,annotation,extracted/TruckV2X-test-Town1_2/tractor/000015.yaml,22459,22459,0.347,0.173,0.04353257
2,NVIDIA GeForce RTX 2080 Ti,TruckV2X,TruckV2X-test-Town1_2,annotation,extracted/TruckV2X-test-Town1_2/tractor/000016.yaml,22068,22068,60.983,0.575,0.04350726
0,NVIDIA GeForce RTX 2080 Ti,TruckV2X,TruckV2X-test-Town1_2,annotation,extracted/TruckV2X-test-Town1_2/tractor/000017.yaml,21661,21661,0.337,0.231,0.04349694
3,NVIDIA GeForce RTX 2080 Ti,TruckV2X,TruckV2X-test-Town1_2,annotation,extracted/TruckV2X-test-Town1_2/tractor/000018.yaml,21150,21150,15.698,0.3,0.04344549
1,NVIDIA GeForce RTX 2080 Ti,TruckV2X,TruckV2X-test-Town1_2,annotation,extracted/TruckV2X-test-Town1_2/tractor/000019.yaml,22032,22032,16.314,0.444,0.04350898
3,NVIDIA GeForce RTX 2080 Ti,TruckV2X,TruckV2X-test-Town1_2,annotation,extracted/TruckV2X-test-Town1_2/tractor/000020.yaml,21899,21899,53.572,0.488,0.04354177
1,NVIDIA GeForce RTX 2080 Ti,TruckV2X,TruckV2X-test-Town1_2,annotation,extracted/TruckV2X-test-Town1_2/tractor/000025.yaml,21326,21326,20.018,0.404,0.0435123
1,NVIDIA GeForce RTX 2080 Ti,TruckV2X,TruckV2X-test-Town1_2,annotation,extracted/TruckV2X-test-Town1_2/tractor/000026.yaml,22073,22073,24.473,0.425,0.04357053
0,NVIDIA GeForce RTX 2080 Ti,TruckV2X,TruckV2X-test-Town1_2,annotation,extracted/TruckV2X-test-Town1_2/tractor/000035.yaml,22043,22043,0.41,0.265,0.0435786
3,NVIDIA GeForce RTX 2080 Ti,TruckV2X,TruckV2X-test-Town1_2,annotation,extracted/TruckV2X-test-Town1_2/tractor/000044.yaml,21489,21489,15.655,0.449,0.04361364
0,NVIDIA GeForce RTX 2080 Ti,TruckV2X,TruckV2X-test-Town1_2,annotation,extracted/TruckV2X-test-Town1_2/tractor/000055.yaml,21405,21405,0.524,0.306,0.04363123
1,NVIDIA GeForce RTX 2080 Ti,TruckV2X,TruckV2X-test-Town1_2,annotation,extracted/TruckV2X-test-Town1_2/trailer/000060.yaml,21613,21613,16.547,0.345,0.04364193
1,NVIDIA GeForce RTX 2080 Ti,TruckV2X,TruckV2X-test-Town1_2,image,extracted/TruckV2X-test-Town1_2/cav/000000_camera2.jpg,61504,61504,14.314,0.431,0.2625446
0,NVIDIA GeForce RTX 2080 Ti,TruckV2X,TruckV2X-test-Town1_2,image,extracted/TruckV2X-test-Town1_2/cav/000001_camera2.jpg,61826,61826,0.466,0.265,0.26359335
2,NVIDIA GeForce RTX 2080 Ti,TruckV2X,TruckV2X-test-Town1_2,image,extracted/TruckV2X-test-Town1_2/cav/000002_camera2.jpg,60041,60041,15.887,0.342,0.26200137
3,NVIDIA GeForce RTX 2080 Ti,TruckV2X,TruckV2X-test-Town1_2,image,extracted/TruckV2X-test-Town1_2/cav/000003_camera2.jpg,58698,58698,19.28,0.417,0.26171452
0,NVIDIA GeForce RTX 2080 Ti,TruckV2X,TruckV2X-test-Town1_2,image,extracted/TruckV2X-test-Town1_2/cav/000004_camera2.jpg,58655,58655,0.404,0.252,0.26166803
0,NVIDIA GeForce RTX 2080 Ti,TruckV2X,TruckV2X-test-Town1_2,image,extracted/TruckV2X-test-Town1_2/cav/000005_camera2.jpg,57907,57907,0.339,0.204,0.26003242
3,NVIDIA GeForce RTX 2080 Ti,TruckV2X,TruckV2X-test-Town1_2,image,extracted/TruckV2X-test-Town1_2/cav/000006_camera2.jpg,57938,57938,14.264,0.367,0.26183924
2,NVIDIA GeForce RTX 2080 Ti,TruckV2X,TruckV2X-test-Town1_2,image,extracted/TruckV2X-test-Town1_2/cav/000007_camera2.jpg,58339,58339,14.336,0.318,0.26017082
3,NVIDIA GeForce RTX 2080 Ti,TruckV2X,TruckV2X-test-Town1_2,image,extracted/TruckV2X-test-Town1_2/cav/000008_camera1.jpg,56431,56431,14.329,0.331,0.26171586
0,NVIDIA GeForce RTX 2080 Ti,TruckV2X,TruckV2X-test-Town1_2,image,extracted/TruckV2X-test-Town1_2/cav/000008_camera2.jpg,59368,59368,0.38,0.24,0.26040959
2,NVIDIA GeForce RTX 2080 Ti,TruckV2X,TruckV2X-test-Town1_2,image,extracted/TruckV2X-test-Town1_2/cav/000009_camera1.jpg,56452,56452,14.403,0.322,0.26149774
3,NVIDIA GeForce RTX 2080 Ti,TruckV2X,TruckV2X-test-Town1_2,image,extracted/TruckV2X-test-Town1_2/cav/000009_camera2.jpg,59838,59838,16.778,0.41,0.2610741
1,NVIDIA GeForce RTX 2080 Ti,TruckV2X,TruckV2X-test-Town1_2,image,extracted/TruckV2X-test-Town1_2/cav/000010_camera2.jpg,59289,59289,13.877,0.305,0.25936994
2,NVIDIA GeForce RTX 2080 Ti,TruckV2X,TruckV2X-test-Town1_2,image,extracted/TruckV2X-test-Town1_2/cav/000011_camera2.jpg,58925,58925,18.29,0.359,0.25948927
1,NVIDIA GeForce RTX 2080 Ti,TruckV2X,TruckV2X-test-Town1_2,image,extracted/TruckV2X-test-Town1_2/cav/000012_camera2.jpg,58644,58644,14.431,0.427,0.25887468
1,NVIDIA GeForce RTX 2080 Ti,TruckV2X,TruckV2X-test-Town1_2,image,extracted/TruckV2X-test-Town1_2/cav/000013_camera2.jpg,57292,57292,17.102,0.32,0.25756386
2,NVIDIA GeForce RTX 2080 Ti,TruckV2X,TruckV2X-test-Town1_2,point_cloud,extracted/TruckV2X-test-Town1_2/tractor/000163_lidar0.pcd,999244,999244,22.132,0.513,0.27758273
1,NVIDIA GeForce RTX 2080 Ti,TruckV2X,TruckV2X-test-Town1_2,point_cloud,extracted/TruckV2X-test-Town1_2/tractor/000167_lidar0.pcd,997948,997948,27.235,0.543,0.27739429
2,NVIDIA GeForce RTX 2080 Ti,TruckV2X,TruckV2X-test-Town1_2,point_cloud,extracted/TruckV2X-test-Town1_2/tractor/000170_lidar0.pcd,997900,997900,1.353,0.601,0.27782506
0,NVIDIA GeForce RTX 2080 Ti,TruckV2X,TruckV2X-test-Town1_2,point_cloud,extracted/TruckV2X-test-Town1_2/tractor/000173_lidar0.pcd,1000240,1000240,1.036,0.469,0.27768347
1,NVIDIA GeForce RTX 2080 Ti,TruckV2X,TruckV2X-test-Town1_2,point_cloud,extracted/TruckV2X-test-Town1_2/tractor/000175_lidar0.pcd,1001260,1001260,21.787,0.756,0.27768332
2,NVIDIA GeForce RTX 2080 Ti,TruckV2X,TruckV2X-test-Town1_2,point_cloud,extracted/TruckV2X-test-Town1_2/tractor/000177_lidar0.pcd,1001176,1001176,21.468,0.62,0.27797374
3,NVIDIA GeForce RTX 2080 Ti,TruckV2X,TruckV2X-test-Town1_2,point_cloud,extracted/TruckV2X-test-Town1_2/tractor/000179_lidar0.pcd,998860,998860,21.308,0.476,0.27817023
0,NVIDIA GeForce RTX 2080 Ti,TruckV2X,TruckV2X-test-Town1_2,point_cloud,extracted/TruckV2X-test-Town1_2/tractor/000183_lidar0.pcd,1002760,1002760,1.049,0.49,0.2778157
1,NVIDIA GeForce RTX 2080 Ti,TruckV2X,TruckV2X-test-Town1_2,point_cloud,extracted/TruckV2X-test-Town1_2/tractor/000186_lidar0.pcd,998776,998776,1.235,0.54,0.27725989
0,NVIDIA GeForce RTX 2080 Ti,TruckV2X,TruckV2X-test-Town1_2,point_cloud,extracted/TruckV2X-test-Town1_2/tractor/000187_lidar0.pcd,998332,998332,0.956,0.459,0.27674836
2,NVIDIA GeForce RTX 2080 Ti,TruckV2X,TruckV2X-test-Town1_2,point_cloud,extracted/TruckV2X-test-Town1_2/tractor/000188_lidar0.pcd,998488,998488,15.83,0.598,0.27679646
1,NVIDIA GeForce RTX 2080 Ti,TruckV2X,TruckV2X-test-Town1_2,point_cloud,extracted/TruckV2X-test-Town1_2/tractor/000189_lidar0.pcd,999292,999292,16.873,0.724,0.27630776
0,NVIDIA GeForce RTX 2080 Ti,TruckV2X,TruckV2X-test-Town1_2,point_cloud,extracted/TruckV2X-test-Town1_2/tractor/000191_lidar0.pcd,998824,998824,0.959,0.465,0.27626908
3,NVIDIA GeForce RTX 2080 Ti,TruckV2X,TruckV2X-test-Town1_2,point_cloud,extracted/TruckV2X-test-Town1_2/tractor/000196_lidar0.pcd,998404,998404,25.074,0.613,0.27627087
3,NVIDIA GeForce RTX 2080 Ti,TruckV2X,TruckV2X-test-Town1_2,point_cloud,extracted/TruckV2X-test-Town1_2/tractor/000199_lidar0.pcd,1000564,1000564,20.037,0.67,0.2756438
3,NVIDIA GeForce RTX 2080 Ti,TruckV2X,TruckV2X-test-Town1_2,point_cloud,extracted/TruckV2X-test-Town1_2/tractor/000202_lidar0.pcd,997840,997840,1.2,0.521,0.27608058
1,NVIDIA GeForce RTX 2080 Ti,V2X-Radar,V2X-Radar-C-validate,annotation,extracted/V2X-Radar-C-validate/validate/2024-05-13-15-23-14-B/-1/00121.yaml,15890,15890,9.314,0.335,0.04718019
1,NVIDIA GeForce RTX 2080 Ti,V2X-Radar,V2X-Radar-C-validate,annotation,extracted/V2X-Radar-C-validate/validate/2024-05-13-15-23-14-B/-1/00123.yaml,16262,16262,5.854,0.23,0.04721779
0,NVIDIA GeForce RTX 2080 Ti,V2X-Radar,V2X-Radar-C-validate,annotation,extracted/V2X-Radar-C-validate/validate/2024-05-13-15-23-14-B/-1/00125.yaml,16022,16022,0.437,0.221,0.04721228
0,NVIDIA GeForce RTX 2080 Ti,V2X-Radar,V2X-Radar-C-validate,annotation,extracted/V2X-Radar-C-validate/validate/2024-05-13-15-23-14-B/-1/00134.yaml,16340,16340,0.4,0.223,0.04713003
1,NVIDIA GeForce RTX 2080 Ti,V2X-Radar,V2X-Radar-C-validate,annotation,extracted/V2X-Radar-C-validate/validate/2024-05-13-15-23-14-B/-1/00135.yaml,16035,16035,8.129,0.344,0.04713761
2,NVIDIA GeForce RTX 2080 Ti,V2X-Radar,V2X-Radar-C-validate,annotation,extracted/V2X-Radar-C-validate/validate/2024-05-13-15-23-14-B/-1/00148.yaml,16032,16032,10.351,0.392,0.0470656
1,NVIDIA GeForce RTX 2080 Ti,V2X-Radar,V2X-Radar-C-validate,annotation,extracted/V2X-Radar-C-validate/validate/2024-05-13-15-23-14-B/-1/00149.yaml,16016,16016,9.819,0.329,0.04709056
3,NVIDIA GeForce RTX 2080 Ti,V2X-Radar,V2X-Radar-C-validate,annotation,extracted/V2X-Radar-C-validate/validate/2024-05-13-15-23-14-B/-1/00150.yaml,16027,16027,19.643,0.442,0.0470821
0,NVIDIA GeForce RTX 2080 Ti,V2X-Radar,V2X-Radar-C-validate,annotation,extracted/V2X-Radar-C-validate/validate/2024-05-13-15-23-14-B/-1/00153.yaml,15915,15915,0.369,0.224,0.04705227
3,NVIDIA GeForce RTX 2080 Ti,V2X-Radar,V2X-Radar-C-validate,annotation,extracted/V2X-Radar-C-validate/validate/2024-05-13-15-23-14-B/-1/00154.yaml,15967,15967,8.314,0.268,0.04703605
2,NVIDIA GeForce RTX 2080 Ti,V2X-Radar,V2X-Radar-C-validate,annotation,extracted/V2X-Radar-C-validate/validate/2024-05-13-15-23-14-B/-1/00156.yaml,16016,16016,8.433,0.333,0.04704069
0,NVIDIA GeForce RTX 2080 Ti,V2X-Radar,V2X-Radar-C-validate,annotation,extracted/V2X-Radar-C-validate/validate/2024-05-15-16-45-02-C/-1/00000.yaml,16053,16053,0.372,0.219,0.04693235
3,NVIDIA GeForce RTX 2080 Ti,V2X-Radar,V2X-Radar-C-validate,annotation,extracted/V2X-Radar-C-validate/validate/2024-05-15-16-45-02-C/-1/00002.yaml,15828,15828,4.056,0.261,0.04689378
2,NVIDIA GeForce RTX 2080 Ti,V2X-Radar,V2X-Radar-C-validate,annotation,extracted/V2X-Radar-C-validate/validate/2024-05-15-16-45-02-C/-1/00007.yaml,16133,16133,22.167,0.45,0.04691029
3,NVIDIA GeForce RTX 2080 Ti,V2X-Radar,V2X-Radar-C-validate,annotation,extracted/V2X-Radar-C-validate/validate/2024-05-15-16-45-02-C/-1/00008.yaml,16125,16125,10.299,0.247,0.04695066
2,NVIDIA GeForce RTX 2080 Ti,V2X-Radar,V2X-Radar-C-validate,annotation,extracted/V2X-Radar-C-validate/validate/2024-05-15-16-45-02-C/-1/00009.yaml,15845,15845,0.981,0.289,0.0469319
0,NVIDIA GeForce RTX 2080 Ti,V2X-Radar,V2X-Radar-C-validate,image,extracted/V2X-Radar-C-validate/validate/2024-05-15-17-19-01-B/-1/00152_camera2.jpg,560364,560364,0.494,0.334,0.2893607
2,NVIDIA GeForce RTX 2080 Ti,V2X-Radar,V2X-Radar-C-validate,image,extracted/V2X-Radar-C-validate/validate/2024-05-15-17-19-01-B/-1/00153_camera2.jpg,560927,560927,8.946,0.437,0.2895585
1,NVIDIA GeForce RTX 2080 Ti,V2X-Radar,V2X-Radar-C-validate,image,extracted/V2X-Radar-C-validate/validate/2024-05-15-17-19-01-B/-1/00156_camera2.jpg,561136,561136,23.667,0.605,0.28922597
1,NVIDIA GeForce RTX 2080 Ti,V2X-Radar,V2X-Radar-C-validate,image,extracted/V2X-Radar-C-validate/validate/2024-05-15-17-19-01-B/-1/00157_camera2.jpg,561345,561345,1.004,0.462,0.28942508
0,NVIDIA GeForce RTX 2080 Ti,V2X-Radar,V2X-Radar-C-validate,image,extracted/V2X-Radar-C-validate/validate/2024-05-15-17-19-01-B/-1/00158_camera2.jpg,561473,561473,0.54,0.356,0.28956708
3,NVIDIA GeForce RTX 2080 Ti,V2X-Radar,V2X-Radar-C-validate,image,extracted/V2X-Radar-C-validate/validate/2024-05-15-17-19-01-B/-1/00161_camera2.jpg,561238,561238,10.542,0.447,0.2888476
0,NVIDIA GeForce RTX 2080 Ti,V2X-Radar,V2X-Radar-C-validate,image,extracted/V2X-Radar-C-validate/validate/2024-05-15-17-19-01-B/-1/00162_camera2.jpg,561235,561235,0.489,0.335,0.28937998
2,NVIDIA GeForce RTX 2080 Ti,V2X-Radar,V2X-Radar-C-validate,image,extracted/V2X-Radar-C-validate/validate/2024-05-15-17-19-01-B/-1/00163_camera2.jpg,561337,561337,18.416,0.593,0.28960854
0,NVIDIA GeForce RTX 2080 Ti,V2X-Radar,V2X-Radar-C-validate,image,extracted/V2X-Radar-C-validate/validate/2024-05-15-17-19-01-B/-1/00164_camera2.jpg,560574,560574,0.498,0.351,0.28913268
1,NVIDIA GeForce RTX 2080 Ti,V2X-Radar,V2X-Radar-C-validate,image,extracted/V2X-Radar-C-validate/validate/2024-05-15-17-19-01-B/-1/00165_camera2.jpg,560569,560569,18.649,0.653,0.28939611
2,NVIDIA GeForce RTX 2080 Ti,V2X-Radar,V2X-Radar-C-validate,image,extracted/V2X-Radar-C-validate/validate/2024-05-15-17-19-01-B/-1/00166_camera2.jpg,560549,560549,16.792,0.55,0.28945401
3,NVIDIA GeForce RTX 2080 Ti,V2X-Radar,V2X-Radar-C-validate,image,extracted/V2X-Radar-C-validate/validate/2024-05-15-17-19-01-B/-1/00170_camera2.jpg,560449,560449,1.049,0.45,0.28920346
3,NVIDIA GeForce RTX 2080 Ti,V2X-Radar,V2X-Radar-C-validate,image,extracted/V2X-Radar-C-validate/validate/2024-05-15-17-19-01-B/-1/00171_camera2.jpg,560881,560881,8.679,0.479,0.28964624
1,NVIDIA GeForce RTX 2080 Ti,V2X-Radar,V2X-Radar-C-validate,image,extracted/V2X-Radar-C-validate/validate/2024-05-15-17-19-01-B/-1/00172_camera2.jpg,560330,560330,18.267,0.923,0.28981218
2,NVIDIA GeForce RTX 2080 Ti,V2X-Radar,V2X-Radar-C-validate,image,extracted/V2X-Radar-C-validate/validate/2024-05-15-17-19-01-B/-1/00173_camera2.jpg,560323,560323,18.194,0.588,0.28957474
3,NVIDIA GeForce RTX 2080 Ti,V2X-Radar,V2X-Radar-C-validate,image,extracted/V2X-Radar-C-validate/validate/2024-05-15-17-19-01-B/-1/00200_camera2.jpg,560323,560323,23.158,0.603,0.28942496
0,NVIDIA GeForce RTX 2080 Ti,V2X-Radar,V2X-Radar-C-validate,point_cloud,extracted/V2X-Radar-C-validate/validate/2024-05-07-18-42-36/-1/00000.pcd,4032174,1048576,1.494,0.503,0.20407079
1,NVIDIA GeForce RTX 2080 Ti,V2X-Radar,V2X-Radar-C-validate,point_cloud,extracted/V2X-Radar-C-validate/validate/2024-05-07-18-42-36/-1/00001.pcd,4032174,1048576,6.476,0.549,0.20576024
2,NVIDIA GeForce RTX 2080 Ti,V2X-Radar,V2X-Radar-C-validate,point_cloud,extracted/V2X-Radar-C-validate/validate/2024-05-07-18-42-36/-1/00002.pcd,4032174,1048576,19.002,0.63,0.20609754
3,NVIDIA GeForce RTX 2080 Ti,V2X-Radar,V2X-Radar-C-validate,point_cloud,extracted/V2X-Radar-C-validate/validate/2024-05-07-18-42-36/-1/00003.pcd,4032174,1048576,21.319,0.819,0.2046718
0,NVIDIA GeForce RTX 2080 Ti,V2X-Radar,V2X-Radar-C-validate,point_cloud,extracted/V2X-Radar-C-validate/validate/2024-05-07-18-42-36/-1/00004.pcd,4032174,1048576,1.514,0.512,0.20876473
1,NVIDIA GeForce RTX 2080 Ti,V2X-Radar,V2X-Radar-C-validate,point_cloud,extracted/V2X-Radar-C-validate/validate/2024-05-07-18-42-36/-1/00005.pcd,4032174,1048576,1.345,0.494,0.20908174
2,NVIDIA GeForce RTX 2080 Ti,V2X-Radar,V2X-Radar-C-validate,point_cloud,extracted/V2X-Radar-C-validate/validate/2024-05-07-18-42-36/-1/00006.pcd,4032174,1048576,4.331,0.601,0.20755953
3,NVIDIA GeForce RTX 2080 Ti,V2X-Radar,V2X-Radar-C-validate,point_cloud,extracted/V2X-Radar-C-validate/validate/2024-05-07-18-42-36/-1/00007.pcd,4032174,1048576,18.663,0.626,0.21176086
0,NVIDIA GeForce RTX 2080 Ti,V2X-Radar,V2X-Radar-C-validate,point_cloud,extracted/V2X-Radar-C-validate/validate/2024-05-07-18-42-36/-1/00008.pcd,4032174,1048576,1.357,0.498,0.21036716
1,NVIDIA GeForce RTX 2080 Ti,V2X-Radar,V2X-Radar-C-validate,point_cloud,extracted/V2X-Radar-C-validate/validate/2024-05-07-18-42-36/-1/00009.pcd,4032174,1048576,1.338,0.452,0.2120629
2,NVIDIA GeForce RTX 2080 Ti,V2X-Radar,V2X-Radar-C-validate,point_cloud,extracted/V2X-Radar-C-validate/validate/2024-05-07-18-42-36/-1/00010.pcd,4032174,1048576,1.583,0.582,0.21301073
3,NVIDIA GeForce RTX 2080 Ti,V2X-Radar,V2X-Radar-C-validate,point_cloud,extracted/V2X-Radar-C-validate/validate/2024-05-07-18-42-36/-1/00011.pcd,4032174,1048576,3.411,0.591,0.21102619
0,NVIDIA GeForce RTX 2080 Ti,V2X-Radar,V2X-Radar-C-validate,point_cloud,extracted/V2X-Radar-C-validate/validate/2024-05-07-18-42-36/-1/00012.pcd,4032174,1048576,1.566,0.507,0.21546766
1,NVIDIA GeForce RTX 2080 Ti,V2X-Radar,V2X-Radar-C-validate,point_cloud,extracted/V2X-Radar-C-validate/validate/2024-05-07-18-42-36/-1/00013.pcd,4032174,1048576,1.376,0.424,0.21439612
2,NVIDIA GeForce RTX 2080 Ti,V2X-Radar,V2X-Radar-C-validate,point_cloud,extracted/V2X-Radar-C-validate/validate/2024-05-07-18-42-36/-1/00014.pcd,4032174,1048576,1.56,0.549,0.21707222
3,NVIDIA GeForce RTX 2080 Ti,V2X-Radar,V2X-Radar-C-validate,point_cloud,extracted/V2X-Radar-C-validate/validate/2024-05-07-18-42-36/-1/00015.pcd,4032174,1048576,1.461,0.554,0.21525553
2,NVIDIA GeForce RTX 2080 Ti,V2X-Radar,V2X-Radar-V-ImageSets,annotation,extracted/V2X-Radar-V-ImageSets/ImageSets/test.txt,10507,10507,0.482,0.255,0.03383797
1,NVIDIA GeForce RTX 2080 Ti,V2X-Radar,V2X-Radar-V-ImageSets,annotation,extracted/V2X-Radar-V-ImageSets/ImageSets/train.txt,58737,58737,0.653,0.204,0.03390149
0,NVIDIA GeForce RTX 2080 Ti,V2X-Radar,V2X-Radar-V-ImageSets,annotation,extracted/V2X-Radar-V-ImageSets/ImageSets/trainval.txt,69223,69223,0.515,0.24,0.0339113
3,NVIDIA GeForce RTX 2080 Ti,V2X-Radar,V2X-Radar-V-ImageSets,annotation,extracted/V2X-Radar-V-ImageSets/ImageSets/val.txt,10486,10486,0.422,0.222,0.03396622
